customerId,recommendedProducts
4,132|37|0|34|248|3|230|110|27|32
11,132|37|0|34|248|3|230|110|27|32
12,132|37|0|34|248|3|230|110|27|32
16,132|37|0|34|248|3|230|110|27|32
21,132|37|0|34|248|3|230|110|27|32
32,132|37|0|34|248|3|230|110|27|32
121,132|37|0|248|3|230|110|27|32|245
122,132|37|0|34|248|230|110|27|32|245
123,132|0|34|248|3|230|110|27|32|245
137,132|37|0|34|248|3|230|110|27|32
141,132|37|0|34|248|3|230|110|27|32
152,132|37|0|34|248|3|230|110|27|32
164,132|37|0|34|248|3|230|110|27|32
171,132|37|0|34|248|3|230|110|27|32
182,132|37|0|34|248|3|230|110|27|32
212,132|37|0|34|248|3|230|27|32|245
218,132|37|0|34|248|3|230|27|32|245
247,132|37|0|34|248|3|230|110|27|32
250,132|37|0|34|248|3|230|110|27|245
255,132|37|0|34|248|3|230|110|27|32
261,132|37|0|248|34|3|230|110|27|32
263,132|37|0|34|248|3|230|110|27|32
305,132|37|0|34|248|3|230|27|32|245
320,132|37|0|34|248|3|230|110|27|32
321,132|37|0|34|248|3|230|110|27|32
326,132|37|0|34|248|3|230|110|27|32
339,132|0|248|3|230|110|27|32|245|10
368,132|37|0|34|248|230|110|27|32|245
418,132|37|0|34|248|3|230|110|27|32
447,132|37|34|0|248|3|230|110|27|32
450,132|37|34|248|3|230|27|110|32|245
459,132|37|0|34|248|3|230|110|27|32
462,132|37|0|34|248|3|230|110|27|32
482,132|37|0|34|248|3|230|110|27|32
539,132|37|0|34|248|3|230|110|27|32
543,132|37|0|34|248|3|230|110|27|32
548,132|37|0|34|248|3|230|110|27|32
572,132|37|0|34|248|3|230|110|27|32
594,132|37|0|34|248|3|230|110|27|32
595,132|0|34|248|3|230|110|27|32|245
625,132|37|0|34|248|3|230|110|27|32
654,132|37|0|34|248|3|230|110|27|32
659,132|37|0|248|34|3|230|110|27|32
661,132|37|0|34|248|3|230|110|27|32
665,132|37|0|34|248|3|230|110|27|32
667,132|37|0|34|248|3|230|110|27|32
677,132|37|34|248|230|110|27|32|245|10
690,132|37|0|34|248|3|230|110|27|32
706,132|37|0|34|248|3|230|110|27|32
708,132|37|0|34|248|3|230|110|27|32
718,132|37|0|34|248|3|230|110|27|32
731,132|37|0|34|248|3|230|110|27|32
745,132|37|0|34|248|3|230|110|27|32
788,132|37|0|34|248|3|230|110|27|32
806,132|37|0|248|34|3|230|110|27|32
821,132|37|34|248|3|230|110|27|32|245
837,132|37|34|248|3|230|110|27|32|245
858,132|37|0|34|248|3|230|110|27|32
861,132|37|0|34|248|3|230|110|27|32
862,132|37|0|34|248|3|230|110|27|32
863,132|37|0|248|34|3|230|110|27|32
866,132|0|34|248|3|230|110|27|32|245
884,132|37|0|34|248|3|230|110|27|32
946,132|37|0|34|248|3|230|110|27|32
1037,132|37|0|34|248|3|230|110|27|32
1042,132|37|0|34|248|3|230|110|27|32
1043,132|37|34|248|3|230|27|32|245|10
1057,132|37|0|34|248|3|230|110|27|32
1073,132|37|0|34|248|230|110|27|32|245
1085,132|37|0|34|248|3|230|110|27|32
1090,132|37|0|34|248|3|230|110|27|32
1091,132|37|0|34|248|3|110|27|32|245
1093,132|37|0|34|248|3|230|110|27|32
1111,132|37|0|34|248|3|230|110|27|32
1127,132|37|0|34|248|3|230|110|27|32
1130,132|37|34|248|3|230|110|27|32|245
1137,132|37|0|34|248|3|230|110|27|32
1139,132|37|0|34|248|3|230|110|27|32
1143,132|37|0|34|248|3|230|110|27|32
1149,132|37|0|248|34|3|230|110|27|32
1156,132|37|0|34|248|3|230|110|27|32
1175,132|37|0|34|248|3|230|110|27|32
1178,132|37|0|34|248|3|230|110|27|32
1182,132|37|0|34|248|3|230|110|27|32
1223,132|37|0|34|248|3|230|110|27|32
1245,132|37|0|34|248|3|230|110|27|32
1267,132|37|34|0|248|3|230|110|27|32
1270,132|37|0|34|248|3|230|110|27|32
1286,132|37|0|34|248|3|230|110|27|32
1290,132|37|0|34|248|3|230|110|27|32
1342,132|37|0|34|248|3|230|110|27|32
1347,132|37|0|34|248|3|230|110|27|32
1380,132|37|0|34|248|3|230|110|27|32
1387,132|37|0|34|248|3|230|110|27|32
1412,132|37|0|34|248|3|230|110|27|32
1416,132|37|0|34|248|3|230|110|27|32
1425,132|37|0|34|248|3|230|110|27|32
1434,132|37|0|34|248|3|230|110|27|32
1455,132|37|0|34|248|3|230|110|27|32
1475,132|37|0|34|248|3|230|110|27|32
1504,132|37|0|34|248|3|230|110|27|32
1553,132|37|0|248|34|3|230|110|27|32
1559,132|37|0|34|248|3|230|110|27|32
1583,132|37|0|34|248|3|230|110|27|32
1586,132|37|0|34|248|3|230|110|27|32
1619,132|37|34|248|3|230|27|110|32|245
1653,132|37|0|34|248|230|110|27|32|245
1668,132|37|0|34|248|3|230|110|27|32
1695,132|37|34|248|3|230|110|27|32|245
1705,132|37|0|34|248|3|230|110|27|32
1730,132|37|0|34|248|3|230|110|27|32
1743,132|37|0|34|248|3|230|110|27|32
1757,132|37|0|34|248|3|230|110|27|32
1768,132|37|0|34|248|3|230|110|27|32
1783,132|37|0|34|248|3|230|110|27|32
1851,132|37|34|248|3|230|110|27|32|245
1870,132|37|0|248|34|3|230|110|27|32
1911,132|37|0|34|248|3|230|110|27|32
1916,132|37|0|34|248|3|230|110|27|32
1939,132|37|0|34|248|3|230|110|27|32
1981,132|37|0|34|248|3|230|110|27|32
2008,132|37|0|34|248|3|230|110|27|32
2029,132|37|34|248|3|230|110|27|32|245
2043,132|37|0|34|248|3|230|110|27|32
2052,132|37|34|248|3|230|110|27|32|245
2062,132|37|0|34|248|3|230|110|27|32
2087,132|37|34|248|3|230|110|27|32|245
2143,132|37|0|34|248|3|230|110|27|32
2202,132|37|0|34|248|3|230|110|27|10
2232,132|37|0|34|248|3|230|110|27|32
2265,132|37|0|34|248|3|230|110|27|32
2278,132|37|0|34|248|3|230|110|27|32
2279,132|37|0|248|34|3|230|110|27|32
2283,132|37|0|34|248|3|230|110|27|32
2285,132|37|0|34|248|3|230|110|27|32
2315,132|37|0|34|248|3|230|110|27|32
2347,132|37|0|34|248|3|230|110|27|32
2388,132|37|0|34|248|3|230|110|27|32
2396,132|37|0|34|248|3|230|110|27|32
2403,132|37|0|34|248|3|230|110|27|32
2409,132|37|0|34|248|3|230|110|27|32
2410,132|37|0|34|248|3|230|110|27|32
2414,132|37|34|248|3|230|110|27|32|245
2417,132|37|0|34|248|3|230|110|27|32
2430,132|37|0|34|248|3|230|110|27|32
2466,132|37|0|34|248|3|230|110|27|32
2478,132|37|34|248|3|230|110|27|32|245
2479,132|37|0|34|248|3|230|110|27|32
2531,132|37|0|34|248|3|230|110|27|32
2536,132|37|0|34|248|3|230|110|27|32
2579,132|37|0|34|248|3|230|110|27|32
2581,132|37|0|248|34|3|230|110|27|32
2590,132|37|0|34|248|3|230|110|27|32
2615,132|37|0|34|248|3|230|110|27|32
2624,132|37|0|34|248|3|230|110|27|32
2626,132|37|0|34|248|3|230|110|27|32
2654,132|0|34|248|3|230|110|27|32|245
2670,132|37|0|34|248|3|230|110|27|32
2715,132|37|0|34|248|3|230|110|27|32
2724,132|37|0|34|248|3|230|110|27|32
2770,132|37|0|34|248|3|230|110|27|32
2815,132|0|34|248|3|230|110|27|32|245
2819,132|37|0|34|248|3|230|110|27|32
2831,132|37|0|34|248|3|230|110|27|32
2833,132|37|0|248|34|3|230|110|27|32
2842,132|37|0|34|248|3|230|110|27|32
2865,132|37|0|34|248|3|230|110|27|32
2878,132|37|0|34|248|3|230|110|27|32
2892,132|37|0|34|248|3|230|110|27|32
2914,132|37|0|34|248|3|230|110|27|32
2977,132|37|0|248|3|230|110|27|32|245
2978,132|37|0|34|248|3|230|110|27|32
2993,132|37|0|34|248|3|230|110|27|32
3003,132|37|0|34|248|3|230|110|27|32
3012,132|37|0|34|248|3|230|110|27|32
3018,132|37|0|34|248|3|230|110|27|32
3020,132|37|0|34|248|3|230|110|27|32
3026,132|37|0|34|248|3|230|110|27|32
3045,132|37|0|34|248|3|230|110|27|32
3087,37|0|34|3|230|110|27|32|245|10
3115,132|37|0|34|248|3|230|110|27|32
3171,132|37|0|34|248|3|230|110|27|32
3196,132|0|34|248|3|230|110|27|32|245
3223,132|37|0|34|248|3|230|110|27|32
3230,132|37|0|34|248|3|230|110|27|32
3240,132|37|0|248|34|3|230|110|27|32
3257,132|37|0|34|248|3|230|110|27|32
3272,132|37|0|34|248|3|230|110|27|32
3300,132|37|34|248|3|230|110|27|32|245
3341,132|37|0|34|248|3|230|110|27|32
3348,132|37|0|34|248|3|230|110|27|32
3369,132|37|0|34|248|3|230|110|27|32
3386,132|37|34|248|3|230|110|27|32|245
3399,132|37|0|34|248|3|230|110|27|32
3431,132|37|0|34|248|3|230|110|27|32
3444,132|37|0|34|248|3|230|110|27|32
3549,132|37|0|34|248|3|230|110|27|32
3557,132|37|0|34|248|3|230|110|27|32
3593,132|37|0|248|34|3|230|110|27|32
3609,132|37|0|34|248|3|230|110|27|32
3645,132|37|0|34|248|3|230|110|27|32
3651,132|37|0|34|248|3|230|110|27|32
3699,132|37|0|34|248|3|230|110|27|32
3709,132|37|0|34|248|3|230|110|27|32
3716,132|37|34|248|3|230|110|27|32|245
3731,132|37|34|248|3|230|110|27|32|245
3762,132|37|0|34|248|3|230|110|27|32
3768,132|37|0|34|248|3|230|110|27|32
3769,132|37|0|34|248|3|230|110|27|32
3773,132|37|0|34|248|3|230|110|27|32
3775,132|37|0|34|248|3|230|27|110|32
3797,132|37|0|34|248|3|230|110|27|32
3800,132|37|0|34|248|3|230|110|27|32
3843,132|37|0|34|248|3|230|110|27|32
3851,132|37|0|34|248|3|230|110|27|32
3865,132|37|0|34|248|3|230|110|27|32
3879,132|37|0|34|248|3|230|110|27|32
3891,132|37|0|34|248|3|230|110|27|32
3899,132|37|0|34|248|3|230|110|27|32
3955,132|0|34|248|3|230|110|27|32|245
3978,132|37|0|34|248|3|230|110|27|32
3984,132|37|0|34|248|3|230|110|27|32
4007,132|37|34|248|3|230|110|27|32|245
4070,132|37|0|34|248|3|230|110|27|32
4087,132|37|0|248|3|230|110|27|32|245
4118,132|37|0|34|248|3|230|110|27|32
4152,132|37|0|34|248|3|230|110|27|32
4175,132|37|0|34|248|3|230|110|27|32
4207,132|37|0|34|248|3|230|110|27|32
4233,132|37|0|34|248|3|230|110|27|32
4269,132|37|0|34|248|3|230|110|27|32
4271,132|37|0|34|248|3|230|110|27|32
4339,132|37|0|34|248|3|230|110|27|32
4392,132|0|248|3|230|110|27|32|245|10
4405,132|37|0|34|248|3|230|110|27|32
4407,132|37|0|34|248|3|230|110|27|32
4418,132|37|0|34|248|3|230|110|27|32
4442,132|37|0|34|248|3|230|110|27|32
4449,132|37|0|34|248|3|230|110|27|32
4476,132|37|0|34|248|3|230|110|27|32
4516,132|37|0|34|248|3|230|110|27|32
4524,132|37|0|34|248|3|230|110|27|32
4527,132|37|34|248|3|230|110|27|32|245
4537,132|37|0|34|248|3|230|110|27|32
4564,132|37|0|34|248|3|230|27|32|245
4589,132|37|0|34|248|3|230|110|27|32
4608,132|37|34|248|3|230|110|27|32|245
4613,132|37|0|34|248|3|230|110|27|32
4618,132|37|0|34|248|3|230|110|27|32
4657,132|37|0|248|34|3|230|110|27|32
4659,132|37|0|34|248|3|230|110|27|32
4671,132|37|0|248|34|3|230|110|27|32
4717,132|0|34|248|3|230|110|27|32|245
4757,132|37|0|34|248|3|230|110|27|32
4776,132|37|0|34|248|3|230|110|27|32
4799,132|37|0|248|34|3|230|110|27|32
4800,132|37|0|34|248|3|230|110|27|32
4823,132|37|0|34|248|230|110|27|32|245
4848,132|37|0|34|248|3|230|110|27|32
4851,132|37|0|34|248|3|230|110|27|32
4871,132|37|0|34|248|3|230|110|27|32
4950,132|37|0|34|248|3|230|110|27|32
5001,132|37|0|34|248|3|230|110|27|32
5022,132|37|0|34|248|3|230|110|27|32
5065,132|37|0|34|248|3|230|110|27|32
5092,132|37|34|248|3|230|110|27|32|245
5095,132|37|0|248|3|230|110|27|32|245
5113,132|37|0|34|248|3|230|110|27|32
5118,132|37|0|34|248|3|230|110|27|32
5127,132|37|0|34|248|3|230|110|27|32
5193,132|37|34|248|3|230|110|32|245|10
5199,132|37|0|34|248|3|230|110|27|32
5200,132|37|0|34|248|3|230|110|27|32
5220,132|37|0|34|248|3|230|110|27|32
5242,132|37|0|34|248|3|230|110|27|32
5264,132|34|248|3|230|110|27|245|10|226
5273,132|37|0|34|248|3|230|110|27|32
5347,132|37|0|34|248|3|230|110|27|32
5361,132|37|0|34|248|3|230|110|27|32
5365,132|37|0|34|248|3|230|110|27|32
5368,132|37|0|34|248|3|230|110|27|32
5418,132|37|0|34|248|3|230|110|27|32
5430,132|37|0|34|248|3|230|110|27|32
5459,132|37|34|248|3|230|110|27|32|245
5461,132|37|0|34|248|3|230|110|27|32
5501,132|37|0|248|34|3|230|110|27|32
5512,132|37|0|34|248|3|230|110|27|32
5513,132|37|0|34|248|3|230|110|27|32
5522,132|37|0|34|248|3|230|110|27|32
5524,132|37|0|34|248|3|230|110|27|32
5527,132|37|0|34|248|3|230|110|27|32
5555,132|37|0|34|248|3|230|110|27|32
5562,132|37|0|34|248|3|230|110|27|32
5570,132|37|0|34|248|3|110|27|32|245
5581,132|37|0|34|248|3|230|110|245|32
5648,132|37|0|34|248|3|230|110|27|32
5666,132|37|0|34|248|3|230|110|27|32
5684,132|37|0|34|248|3|230|110|27|32
5751,132|37|0|34|248|3|230|110|27|32
5774,132|37|0|34|248|3|230|110|27|32
5891,132|37|0|34|248|3|230|110|27|32
5926,132|37|0|34|248|3|230|110|27|32
5940,132|37|0|34|248|3|230|110|27|32
5957,132|37|0|34|248|3|230|110|27|32
6010,132|37|0|34|248|3|230|110|27|32
6016,132|37|0|34|248|3|230|110|27|32
6030,132|37|0|34|248|3|230|110|27|32
6032,132|37|0|34|248|3|230|110|27|32
6132,132|37|0|34|248|3|230|110|27|32
6145,132|37|0|34|248|3|230|110|27|32
6158,132|37|0|34|248|3|230|110|27|32
6166,132|37|0|34|248|230|110|27|32|245
6167,132|37|0|34|248|3|230|110|27|32
6182,132|37|0|34|248|3|230|110|27|32
6220,132|37|34|248|3|230|110|27|32|245
6258,132|37|0|34|248|3|230|110|27|32
6269,132|37|0|34|248|3|230|110|27|32
6294,132|37|0|34|248|3|230|110|27|32
6297,132|37|0|34|248|3|230|110|27|32
6313,132|37|34|0|248|3|230|110|27|32
6323,132|37|0|34|248|3|230|110|27|32
6326,132|37|0|34|248|3|230|110|27|32
6334,132|37|0|34|248|3|230|110|27|32
6337,132|37|0|34|248|3|230|110|27|32
6344,132|37|0|34|248|3|230|110|27|32
6345,132|37|0|34|248|230|110|27|32|245
6346,132|37|0|34|248|3|230|110|27|32
6385,132|37|0|34|248|3|230|110|27|32
6394,132|37|0|34|248|3|230|110|27|32
6395,132|37|0|34|248|3|230|110|27|32
6427,132|0|34|248|3|230|110|27|32|245
6430,132|37|0|34|248|3|230|110|27|32
6443,132|37|0|34|248|3|230|110|27|32
6455,132|37|0|34|248|3|230|110|27|32
6560,132|37|0|34|248|3|230|110|27|32
6577,132|37|0|34|248|3|230|110|27|32
6591,132|37|34|0|248|3|230|110|27|32
6646,132|37|0|34|248|3|230|110|27|32
6649,132|37|0|34|248|3|230|110|27|32
6655,132|37|0|34|248|3|230|110|27|32
6657,132|37|0|34|248|230|110|27|32|245
6665,132|37|0|34|248|3|230|110|27|32
6680,132|37|0|34|248|3|230|110|27|32
6701,132|37|34|248|3|230|110|27|32|245
6730,132|37|0|34|248|3|230|110|27|32
6769,132|37|0|34|248|3|230|110|27|32
6774,132|37|0|34|248|230|110|27|32|10
6777,132|37|0|34|248|3|230|110|27|32
6782,132|37|0|34|248|230|110|27|32|245
6787,132|37|0|34|248|3|230|110|27|32
6795,132|37|0|34|248|3|230|110|27|32
6799,132|37|0|34|248|3|230|110|27|32
6803,132|37|0|34|248|3|230|110|27|32
6827,132|37|0|34|248|3|230|110|27|32
6829,132|37|0|34|248|3|230|110|27|32
6834,132|37|0|34|248|3|230|110|27|32
6851,132|37|0|34|248|3|230|110|27|32
6878,132|37|0|34|248|3|230|110|27|32
6884,132|37|34|248|3|230|110|27|32|245
6917,132|37|34|248|3|230|110|27|32|245
6961,132|37|0|34|248|3|230|110|27|32
6967,132|37|0|34|248|3|230|110|27|32
6975,132|37|0|34|248|3|230|110|27|32
6977,132|37|0|34|248|3|230|110|27|32
6997,132|37|0|34|248|3|230|110|27|32
7005,132|37|0|34|248|3|230|110|27|32
7011,132|37|0|34|248|3|230|110|27|32
7034,132|37|0|34|248|3|230|110|27|32
7041,132|37|0|34|248|230|110|27|32|245
7062,132|37|0|34|248|3|230|110|27|32
7065,132|37|0|34|248|3|230|110|27|32
7096,132|37|34|248|3|230|110|27|32|245
7106,132|37|0|34|248|3|230|110|27|32
7118,132|37|0|34|248|3|230|110|27|32
7133,132|37|0|34|248|3|230|110|27|32
7153,132|37|0|34|3|230|110|27|32|245
7175,132|37|0|34|248|3|230|110|27|32
7180,132|37|0|34|248|3|230|110|27|32
7207,132|37|0|34|248|3|230|110|27|32
7228,132|37|0|34|248|3|230|110|27|32
7259,132|37|0|34|248|3|230|110|27|32
7274,132|37|0|34|248|3|230|110|27|32
7282,132|37|0|34|248|3|230|110|27|32
7286,132|37|0|34|248|3|230|110|27|32
7299,132|37|0|34|248|3|230|110|27|32
7326,132|37|0|34|248|3|230|110|27|32
7368,132|37|0|34|248|3|230|110|27|32
7394,132|37|0|34|248|3|230|110|27|32
7412,132|37|0|34|248|3|230|110|27|32
7443,132|37|0|34|248|3|230|110|27|32
7454,132|37|0|34|248|230|110|27|32|245
7455,132|37|0|34|248|3|230|110|27|32
7505,132|37|0|34|248|3|230|110|27|32
7510,132|37|0|34|248|3|230|110|27|32
7513,132|37|0|34|248|3|230|110|27|32
7515,132|37|34|248|3|230|110|27|32|245
7522,132|37|0|34|248|3|230|110|27|32
7551,132|37|0|34|248|3|230|110|27|32
7569,132|37|0|34|248|3|230|110|27|32
7601,132|0|34|248|3|230|110|27|32|245
7625,132|37|34|248|3|230|110|27|32|245
7650,132|37|0|34|248|3|230|110|27|32
7657,132|37|0|34|248|3|230|110|27|32
7706,132|37|34|248|3|230|110|27|32|245
7714,132|37|0|34|248|3|230|110|27|32
7722,132|37|0|34|248|3|230|110|27|32
7731,132|37|0|34|248|3|230|110|27|32
7755,132|37|34|248|230|110|27|32|245|10
7777,132|37|0|34|248|3|230|110|27|32
7786,132|37|34|248|3|230|110|27|32|245
7828,132|37|0|34|248|3|230|110|27|32
7846,132|37|0|34|248|3|230|110|27|32
7855,132|37|0|34|248|3|230|110|27|32
7869,132|37|0|34|248|3|230|110|27|32
7919,132|37|0|34|248|3|230|110|27|32
7951,132|37|34|248|3|230|110|27|32|245
7981,132|37|0|34|248|230|110|27|32|245
7988,132|37|0|34|248|3|230|27|110|32
7997,132|37|0|34|248|3|230|110|27|32
8046,132|37|34|248|3|230|110|27|32|245
8047,132|37|0|34|248|3|230|110|27|32
8099,132|37|0|34|248|3|230|110|27|32
8108,132|37|0|34|248|3|230|110|27|32
8111,132|37|0|34|248|230|110|27|32|245
8112,132|37|0|34|248|3|230|110|27|32
8157,132|37|34|248|3|230|110|27|32|245
8164,132|37|0|34|248|230|110|27|32|245
8207,132|37|0|34|248|3|230|110|27|32
8222,132|37|0|34|248|3|230|110|27|32
8230,132|37|0|34|248|3|230|110|27|32
8272,132|37|0|34|248|230|110|27|32|245
8291,132|37|0|34|248|3|230|110|27|32
8296,132|37|0|34|248|3|230|110|27|32
8323,132|37|0|34|248|3|230|110|27|32
8330,132|37|0|34|248|3|230|110|27|32
8339,132|37|0|34|248|3|230|110|27|32
8346,132|37|0|34|248|3|230|110|27|32
8423,132|37|0|34|248|3|230|110|27|32
8437,132|37|0|34|248|3|230|110|27|32
8475,132|37|0|34|248|3|230|110|27|32
8512,132|37|0|34|248|3|230|110|27|32
8540,132|37|0|34|248|3|230|110|27|32
8609,132|37|0|34|248|3|230|110|27|32
8619,132|37|34|248|3|230|110|27|32|245
8627,132|37|0|34|248|3|230|110|27|32
8734,132|37|0|34|248|3|230|110|27|32
8738,132|37|0|34|248|3|230|110|27|32
8808,132|37|0|34|248|3|230|110|27|32
8817,132|37|0|34|248|3|230|110|27|32
8838,132|37|0|34|248|3|230|110|27|32
8844,132|37|0|34|248|3|230|110|27|32
8865,132|37|0|34|248|3|110|27|32|245
8877,132|37|0|34|248|3|230|110|27|32
8907,132|37|0|248|34|230|110|27|32|245
8931,132|37|0|34|248|3|230|110|27|32
8947,132|37|0|34|248|3|230|110|27|32
9023,132|37|0|34|248|3|230|110|27|32
9051,132|37|0|34|248|3|230|110|27|32
9155,132|37|0|34|248|230|110|27|32|245
9166,132|37|0|34|248|230|110|27|32|245
9173,132|37|0|34|248|3|230|110|27|32
9194,132|37|0|248|34|3|230|110|27|32
9239,132|37|0|34|248|3|230|110|27|32
9282,132|37|0|34|248|3|230|110|27|32
9284,132|37|0|34|248|3|230|110|27|32
9398,132|37|0|34|248|3|230|110|27|32
9404,132|37|0|34|248|3|230|110|27|32
9405,132|37|0|34|248|3|230|110|27|32
9449,132|37|0|34|248|3|230|110|27|32
9472,132|37|0|34|248|3|230|110|27|32
9501,132|37|0|34|248|3|230|110|27|32
9524,132|37|0|34|248|3|230|110|27|32
9545,132|37|0|34|248|3|230|110|27|32
9552,132|37|0|34|248|3|230|110|27|32
9557,132|37|0|34|248|3|230|110|27|32
9565,132|37|0|34|248|3|230|110|27|32
9576,132|37|0|34|248|3|230|110|27|32
9578,132|37|0|34|248|3|230|110|27|32
9584,132|37|34|0|248|3|230|110|27|32
9612,132|37|0|34|248|3|230|110|27|32
9646,132|37|0|34|248|3|230|110|27|32
9648,132|37|0|34|248|3|230|110|27|32
9665,132|37|0|34|248|3|230|110|27|32
9668,132|37|0|34|248|3|230|110|27|32
9711,132|37|0|34|248|3|230|110|27|32
9720,132|37|0|34|248|3|230|110|27|32
9733,132|37|0|34|248|3|230|110|27|32
9796,132|37|0|34|248|3|230|110|27|32
9806,132|37|34|248|3|230|110|27|32|245
9831,132|37|0|34|248|3|230|110|27|32
9852,132|37|0|34|248|3|230|110|27|32
9873,132|37|0|34|248|3|230|110|27|32
9878,132|37|0|34|248|3|230|110|27|32
9889,132|37|0|34|248|3|230|110|27|32
9949,132|37|0|34|3|230|110|27|32|245
9954,132|37|0|34|248|3|230|110|27|32
9960,132|37|0|34|248|3|230|110|27|32
9961,132|37|0|34|248|3|230|110|27|32
9974,132|37|0|34|248|3|230|110|27|32
9978,132|0|34|248|3|230|110|27|32|245
10016,132|37|0|34|248|3|230|110|27|32
10018,132|37|0|34|248|3|230|110|27|32
10104,132|37|0|34|248|3|230|110|27|32
10159,132|37|0|34|248|3|230|110|27|32
10209,132|37|0|34|248|3|230|110|27|32
10222,132|37|0|34|248|3|230|110|27|32
10268,132|37|0|34|248|3|230|110|27|32
10269,132|37|0|34|248|3|230|110|27|32
10285,132|37|0|34|248|3|230|110|27|32
10382,132|37|0|34|248|3|230|110|27|32
10410,132|37|0|34|248|3|230|110|27|32
10444,132|37|0|34|248|3|230|110|27|32
10500,132|37|34|248|3|230|110|27|32|245
10526,132|37|0|34|248|3|230|110|27|32
10544,132|37|0|34|248|3|230|110|27|32
10545,132|37|0|34|248|3|230|110|27|32
10550,132|37|0|34|3|110|27|32|245|10
10656,132|37|0|34|248|3|230|110|27|32
10663,132|37|34|248|3|230|27|32|245|10
10688,132|37|0|34|248|3|230|110|27|32
10710,132|37|0|34|248|3|230|110|27|32
10748,132|37|34|248|3|230|110|27|32|245
10754,132|37|0|34|248|230|110|27|32|245
10820,132|37|0|34|248|3|230|110|27|32
10838,132|37|0|34|248|3|230|110|27|32
10844,132|37|0|34|248|3|230|110|27|32
10850,132|37|34|248|3|230|110|27|32|245
10871,132|37|0|34|248|3|230|110|27|32
10884,132|37|0|34|248|3|230|110|27|32
10921,132|37|0|34|248|3|230|110|27|32
10923,132|37|0|34|248|3|230|110|27|32
10948,132|37|0|34|248|3|230|110|27|32
10951,132|37|0|34|248|3|230|110|27|32
10973,132|37|0|34|248|3|230|110|27|32
10975,132|37|0|34|248|3|230|110|27|32
11013,132|37|0|34|248|3|230|110|27|32
11015,132|37|0|34|248|3|230|27|110|32
11081,132|37|0|34|248|3|230|110|27|32
11096,132|37|0|34|248|3|230|110|27|32
11102,132|37|0|34|248|3|230|110|27|32
11119,132|37|0|34|248|3|230|110|27|32
11122,132|37|0|34|248|3|230|110|27|32
11134,132|37|0|34|248|3|230|110|27|32
11167,132|37|0|34|248|3|230|110|27|32
11215,132|37|0|34|248|3|230|110|27|32
11281,132|37|0|34|248|3|230|110|27|32
11321,132|37|0|34|248|3|230|110|27|32
11330,132|37|0|34|248|3|230|110|27|32
11350,132|37|0|34|248|3|230|110|27|32
11379,132|37|0|34|248|3|230|110|27|245
11392,37|0|34|248|3|230|110|27|32|245
11397,132|37|0|34|248|3|230|110|27|32
11433,132|37|0|34|248|3|230|110|27|32
11459,132|37|0|34|248|3|230|110|27|32
11468,132|37|0|34|248|3|230|110|27|32
11489,132|37|34|248|3|230|110|27|32|245
11500,132|37|0|34|248|3|230|110|27|32
11523,132|37|0|34|248|3|230|110|27|32
11528,132|37|0|34|248|3|230|110|27|32
11555,132|37|0|34|248|3|230|110|27|32
11570,132|37|0|34|248|3|230|110|27|32
11591,132|37|0|34|248|3|230|110|27|32
11679,132|37|0|34|248|3|230|110|27|32
11744,132|37|0|34|248|3|230|110|27|32
11830,132|37|0|34|248|3|230|110|27|32
11837,132|37|0|34|248|3|230|110|27|245
11899,132|37|0|34|248|3|230|110|27|32
11932,132|37|0|34|248|3|230|110|27|32
11985,132|37|0|34|248|3|230|110|27|32
11995,132|37|0|34|248|3|230|110|27|32
12051,132|37|0|34|248|3|230|110|27|32
12096,132|37|0|34|248|3|230|110|27|32
12122,132|37|0|34|248|3|230|110|27|32
12142,132|37|0|248|34|3|230|110|27|32
12221,132|37|0|34|248|3|230|110|27|32
12225,132|37|0|34|248|3|230|110|27|32
12253,132|37|0|248|3|230|110|27|32|245
12278,132|37|0|34|248|3|110|27|32|245
12286,132|37|0|34|248|3|230|110|27|32
12321,132|37|0|34|248|3|230|110|27|32
12371,132|37|0|34|248|3|230|110|27|32
12422,132|37|0|34|248|3|230|110|27|32
12432,132|37|0|34|248|3|230|110|27|32
12448,132|37|0|34|248|3|230|110|27|32
12458,132|37|248|3|230|110|27|32|245|10
12464,132|37|0|34|248|3|230|110|27|32
12521,132|37|0|34|248|3|230|110|27|32
12525,132|37|0|34|248|3|230|110|27|32
12532,132|37|0|34|248|3|230|110|27|32
12535,132|37|0|248|34|3|230|110|27|32
12553,132|37|0|34|248|3|230|110|27|32
12577,132|37|0|34|248|3|230|27|110|32
12578,132|37|0|248|34|3|230|110|27|32
12590,132|37|0|34|248|3|230|110|27|32
12641,132|37|0|34|248|3|230|110|27|32
12683,132|37|0|34|248|3|230|110|27|32
12724,132|37|0|34|248|3|230|110|27|32
12735,132|37|0|34|248|3|230|110|27|32
12750,132|37|0|34|248|3|230|110|27|32
12768,132|37|0|34|248|3|230|110|27|32
12788,132|37|34|248|3|230|110|27|32|245
12836,132|37|0|34|248|3|110|27|32|245
12867,132|37|0|34|248|3|230|110|27|32
12894,132|37|0|34|248|3|230|110|27|32
12952,132|37|0|34|248|3|230|110|27|32
13039,132|37|0|248|34|3|230|110|27|32
13114,132|37|34|248|3|230|110|27|32|245
13132,132|37|0|34|248|3|230|110|27|32
13151,132|37|34|248|3|230|110|27|32|245
13167,132|37|0|34|248|3|230|110|27|32
13181,132|37|0|34|248|3|230|110|27|32
13198,132|37|0|34|248|3|230|110|27|32
13204,132|37|0|248|34|3|230|110|27|32
13218,132|37|34|248|3|230|110|27|32|245
13225,132|37|0|34|248|3|230|110|27|32
13249,132|37|0|34|248|3|230|110|27|32
13267,132|37|0|34|248|3|230|110|27|32
13282,132|37|0|34|248|3|230|110|27|32
13289,132|37|0|34|248|3|230|110|27|32
13291,132|37|0|34|248|3|230|110|27|32
13336,132|37|0|34|248|3|230|110|27|32
13373,132|37|0|34|248|3|230|110|27|32
13433,132|37|0|34|248|3|230|110|27|32
13487,132|37|0|34|248|3|230|110|27|32
13529,132|37|34|248|3|230|110|27|32|245
13569,132|37|0|34|248|3|230|110|27|32
13600,132|37|0|34|248|3|230|110|27|32
13647,132|37|0|34|248|3|230|110|27|32
13658,132|37|34|248|3|230|110|27|32|245
13680,132|37|0|34|248|3|230|110|27|32
13685,132|37|0|34|248|3|230|110|27|32
13702,132|37|0|34|248|3|230|110|27|32
13711,132|37|0|34|248|3|230|110|245|32
13764,132|37|0|34|248|3|230|110|27|32
13800,132|37|0|34|248|3|230|110|27|32
13821,132|37|0|34|248|3|230|110|27|32
13874,132|37|0|34|248|3|230|110|27|32
13895,132|37|0|34|248|3|230|110|27|32
13906,132|37|0|34|248|3|230|110|27|32
13943,132|37|34|248|3|230|110|27|32|245
13945,132|37|0|34|248|3|230|110|27|32
13962,132|37|0|34|248|3|230|110|27|32
13970,132|37|0|34|248|3|230|110|27|32
13980,132|37|0|34|248|3|230|110|27|32
13992,132|37|0|34|248|3|230|110|27|32
14010,132|37|0|34|248|3|230|110|27|32
14032,132|37|0|34|248|3|230|110|27|32
14082,132|37|0|34|248|3|230|110|27|32
14102,132|37|0|34|248|3|230|110|27|32
14109,132|37|0|34|248|3|230|110|27|32
14110,132|37|0|34|248|3|230|110|27|32
14116,132|37|0|34|248|3|230|110|27|32
14136,132|37|0|34|248|3|230|110|27|32
14147,132|37|0|34|248|3|230|110|27|32
14151,132|37|0|34|248|230|110|27|32|245
14162,132|37|34|248|3|230|110|27|32|245
14247,132|37|0|34|248|3|230|110|27|32
14294,132|37|0|34|248|3|230|110|27|32
14310,132|37|0|34|248|3|230|110|27|32
14428,132|37|0|34|248|3|230|110|27|32
14443,132|37|0|34|248|3|230|110|27|32
14483,132|37|0|34|248|3|230|110|27|32
14531,132|37|0|34|248|3|230|110|27|32
14544,132|37|0|34|248|3|230|110|27|32
14601,132|0|34|248|3|230|110|27|32|245
14605,132|37|0|34|248|3|230|110|27|32
14626,132|37|0|34|248|3|230|110|27|32
14669,132|37|0|34|248|3|230|110|27|32
14671,132|37|0|34|248|3|230|110|27|32
14673,132|37|0|34|248|3|230|110|27|32
14687,132|37|0|34|248|3|230|110|27|32
14697,132|37|0|34|248|3|230|110|27|32
14723,132|37|0|34|248|3|230|110|27|32
14741,132|37|0|34|248|3|230|110|27|32
14744,132|37|0|34|248|3|230|110|27|32
14748,132|37|0|34|248|3|230|110|27|32
14784,132|37|0|248|34|3|230|110|27|32
14815,132|37|0|34|248|3|230|110|27|32
14857,132|37|0|34|248|3|230|110|27|32
14865,132|37|0|34|248|3|230|110|27|32
14881,132|37|0|248|34|3|230|110|27|32
14888,132|37|0|34|248|3|230|110|27|32
14889,132|37|0|34|248|3|230|110|27|32
14902,132|37|0|34|248|3|230|110|27|32
14929,132|37|0|34|248|3|230|110|27|32
14934,132|37|0|34|248|3|230|110|27|32
14986,132|37|0|34|248|3|230|110|27|32
15008,132|37|0|34|248|3|230|110|27|32
15012,132|37|0|34|248|3|230|110|27|32
15014,132|37|0|34|248|3|230|110|27|32
15042,132|37|0|34|248|3|230|110|27|32
15062,132|37|0|34|248|3|230|110|27|32
15175,132|37|0|34|248|3|230|110|27|32
15192,132|37|0|34|248|3|230|110|27|32
15206,132|37|0|34|248|3|230|110|27|32
15208,132|37|0|34|248|3|230|110|27|32
15219,132|37|0|34|248|3|230|110|27|32
15223,132|37|0|34|248|3|230|110|27|32
15273,132|37|0|34|248|3|230|110|27|32
15287,132|37|0|34|248|3|230|27|110|32
15309,132|37|0|34|248|3|230|110|27|32
15348,132|37|0|34|248|3|230|110|27|32
15358,132|37|0|34|248|3|230|110|27|32
15398,132|37|34|248|3|230|110|27|32|245
15406,132|37|0|34|248|3|230|110|27|32
15427,132|37|0|34|248|3|230|110|27|32
15436,132|37|0|34|248|3|230|110|27|32
15567,132|37|0|34|248|3|230|110|27|32
15636,132|37|0|34|248|3|230|110|27|32
15713,132|37|0|34|248|3|230|110|27|32
15720,132|37|0|34|248|3|230|110|27|32
15786,132|37|0|34|248|3|230|110|27|32
15790,132|37|0|34|248|3|230|110|27|32
15810,132|37|0|34|248|3|230|27|110|32
15830,132|37|0|34|248|3|230|110|27|32
15831,132|37|0|34|248|3|230|110|27|32
15833,132|37|0|34|248|3|230|110|32|245
15851,132|37|0|34|248|3|230|110|27|32
15867,132|37|0|34|248|3|230|110|27|32
15913,132|37|0|34|248|3|230|110|27|32
16000,132|37|34|248|3|230|110|27|32|245
16004,132|37|0|34|248|3|230|110|27|32
16005,132|37|0|34|248|3|230|110|27|32
16020,132|37|0|34|248|3|230|110|27|32
16023,132|37|0|34|248|3|230|110|27|32
16038,132|37|0|34|248|3|230|110|27|32
16093,132|37|0|34|248|3|230|110|27|32
16104,132|37|0|34|248|3|230|110|27|32
16107,132|37|0|34|248|3|230|110|27|32
16129,132|37|0|34|248|3|230|110|27|32
16143,132|37|0|34|248|3|230|110|27|32
16281,132|37|0|34|248|3|230|110|27|32
16285,132|37|0|34|248|3|230|110|27|32
16304,132|37|0|34|248|3|230|110|27|32
16358,132|37|0|34|248|3|230|110|27|32
16359,132|37|0|34|248|3|230|110|27|32
16393,132|37|0|34|248|3|230|110|27|32
16409,132|37|0|34|248|3|230|110|27|32
16443,132|37|34|248|3|230|110|27|32|245
16450,132|37|0|34|248|3|230|110|27|32
16509,132|37|0|34|248|3|230|27|32|245
16545,132|37|0|34|248|3|230|110|27|32
16583,132|37|0|34|248|3|230|110|27|32
16605,132|37|0|248|34|3|230|110|27|32
16608,132|37|0|248|3|230|110|27|32|245
16616,132|37|0|34|248|3|230|110|27|32
16672,132|37|34|248|3|230|110|27|32|245
16721,132|37|0|34|248|3|230|110|27|32
16723,132|37|0|34|248|3|230|110|27|32
16755,132|37|34|248|3|230|110|27|32|245
16757,132|37|0|34|248|3|230|110|27|32
16819,132|37|0|34|248|3|230|110|27|32
16855,132|37|0|34|248|3|230|110|27|32
16879,132|37|0|34|248|3|230|110|27|32
16883,132|37|0|34|248|3|230|110|27|32
16937,132|37|0|34|248|3|230|110|27|32
16990,132|37|0|34|248|3|230|110|27|32
17006,132|37|0|34|248|3|230|110|27|32
17031,132|37|0|34|248|3|230|110|27|32
17049,132|37|0|248|34|3|230|110|27|32
17120,132|37|0|34|248|3|230|110|27|32
17123,132|37|0|34|248|3|230|110|27|32
17159,132|37|0|34|248|3|230|110|27|32
17210,132|37|0|34|248|3|230|110|27|32
17228,132|37|0|34|248|3|230|110|27|32
17248,132|37|0|34|248|3|230|110|27|32
17361,132|37|0|34|248|3|230|110|27|32
17367,132|37|0|34|248|3|230|110|27|32
17446,132|37|0|34|248|3|230|110|27|32
17472,132|37|0|34|248|3|230|27|32|245
17546,132|37|0|34|248|3|230|110|27|32
17547,132|37|0|34|248|3|230|110|27|32
17611,132|37|0|34|248|3|230|110|32|10
17711,132|37|0|34|248|3|230|110|27|32
17738,132|37|0|34|248|3|230|110|27|32
17808,132|37|0|34|248|3|230|110|27|32
17959,132|37|0|34|248|3|230|110|27|32
17988,132|37|34|248|3|230|110|27|32|245
17991,132|37|0|34|248|3|230|110|27|32
18000,132|37|0|34|248|3|230|110|27|32
18003,132|37|0|34|248|3|230|110|27|32
18032,132|37|0|34|248|3|230|110|27|32
18038,132|37|0|34|248|3|230|110|27|32
18051,132|37|0|34|248|3|230|110|27|32
18056,132|37|0|34|248|3|230|110|27|32
18129,132|37|0|34|248|3|230|110|27|32
18155,132|37|34|248|3|230|110|27|32|245
18165,132|37|0|34|248|3|230|110|27|32
18218,132|37|0|34|248|3|230|110|27|32
18237,132|37|0|34|248|3|230|110|27|32
18267,132|37|0|248|34|3|230|110|27|32
18268,132|37|0|34|248|3|230|110|27|32
18313,132|37|0|34|248|3|230|110|27|32
18353,132|37|0|34|248|3|230|110|27|32
18388,132|37|34|248|3|230|110|27|32|245
18401,132|37|0|34|248|3|230|27|110|32
18445,132|37|0|34|248|3|230|110|27|32
18458,132|37|0|34|248|3|230|110|27|32
18530,132|37|0|34|248|3|230|110|27|32
18573,132|37|0|34|248|3|230|110|27|32
18585,132|37|0|34|248|3|230|110|27|32
18586,132|37|0|34|248|3|230|110|27|32
18743,132|37|0|34|248|3|230|110|27|32
18978,132|37|0|34|248|3|230|110|27|32
18979,132|37|0|34|248|3|230|110|27|32
18983,132|37|0|34|248|3|230|110|27|32
19004,132|37|0|34|248|3|230|110|27|32
19026,132|37|0|34|248|3|230|110|27|32
19085,132|37|0|248|34|3|230|110|27|32
19091,132|37|0|248|34|3|230|110|27|32
19093,132|37|34|248|3|230|110|27|32|245
19123,132|37|0|34|248|3|230|110|27|32
19124,132|37|0|34|248|3|230|110|27|32
19141,132|37|0|34|248|3|230|110|27|32
19221,132|37|0|34|248|3|230|110|27|32
19254,132|37|0|34|248|3|230|110|27|32
19278,132|37|0|34|248|3|230|110|27|32
19298,132|37|0|34|248|3|230|110|27|32
19310,132|37|34|248|3|230|110|27|32|245
19340,132|37|0|34|248|3|230|110|27|32
19373,132|37|0|34|248|3|230|110|27|32
19390,132|37|0|34|248|3|230|110|27|32
19417,132|37|0|34|248|3|230|110|32|27
19541,132|37|0|34|248|3|230|110|27|32
19554,132|37|0|34|248|3|230|110|27|32
19603,132|37|0|34|248|3|230|110|27|32
19750,132|37|0|34|248|3|230|110|27|32
19762,132|37|0|34|248|3|230|110|27|32
19910,132|37|0|34|248|3|230|110|27|32
19919,132|37|0|34|248|3|230|110|27|32
19993,132|37|0|34|248|3|230|110|27|32
20027,132|37|0|34|248|3|230|110|27|32
20032,132|37|34|248|3|230|110|27|32|245
20061,132|37|0|34|248|3|230|110|27|32
20085,132|37|0|34|248|3|230|110|27|32
20125,132|37|0|34|248|3|230|110|27|32
20137,132|37|0|248|34|3|230|110|27|32
20179,132|37|0|34|248|3|230|110|27|32
20190,132|37|0|34|248|3|230|110|27|32
20208,132|37|0|34|248|3|230|110|27|32
20246,132|37|0|34|248|3|230|110|27|32
20382,132|37|0|34|248|3|230|110|27|32
20400,132|37|0|34|248|3|230|110|27|32
20539,132|37|0|34|248|3|230|110|27|32
20624,132|37|0|34|248|3|230|110|27|32
20645,132|37|0|34|248|3|230|110|27|32
20654,132|37|0|34|248|3|230|110|27|32
20724,132|37|0|34|248|3|230|110|27|245
20731,132|37|0|34|248|3|230|110|27|32
20785,132|37|0|34|248|3|230|110|27|32
20821,132|37|0|34|248|3|230|110|27|32
20836,132|37|0|34|248|3|230|110|27|32
20858,132|37|0|34|248|3|230|110|27|32
20883,132|37|0|248|34|3|230|110|27|32
20931,132|37|0|34|248|3|110|27|32|245
20961,132|37|0|34|248|3|230|110|27|32
20966,132|37|0|34|248|3|230|110|27|32
21038,132|37|0|34|248|3|230|110|27|32
21084,132|37|0|34|248|3|230|110|27|32
21120,132|37|0|34|248|3|230|110|27|32
21129,132|37|0|34|248|3|230|110|27|32
21219,132|37|0|34|248|3|230|110|27|32
21228,132|37|0|34|248|3|230|110|27|32
21259,132|37|0|34|248|3|230|110|27|32
21318,132|37|0|34|248|3|230|110|27|32
21345,132|37|0|34|248|3|230|110|27|32
21386,132|37|0|34|248|3|230|110|27|32
21615,132|37|0|34|248|3|230|27|32|245
21658,132|37|0|34|248|3|230|110|27|32
21743,132|37|0|34|248|3|230|110|27|32
21818,132|37|0|34|248|3|230|110|27|32
21847,132|37|0|34|248|3|230|110|27|32
21852,132|37|0|34|248|3|230|110|27|32
21902,132|37|0|34|248|3|230|110|27|32
21934,132|37|0|34|248|3|230|110|27|32
21941,132|37|0|34|248|3|230|110|27|32
21949,132|37|0|34|248|3|230|110|27|32
22069,132|37|0|34|248|3|230|110|27|32
22077,132|37|0|34|248|3|230|110|27|32
22126,132|37|0|34|248|3|230|110|27|32
22136,132|37|0|34|248|3|230|110|27|32
22172,132|37|0|34|248|3|230|110|27|32
22182,132|37|34|0|248|3|230|110|27|32
22253,132|37|0|34|248|3|230|110|27|32
22273,132|37|0|34|248|3|230|110|27|32
22303,132|37|0|34|248|3|230|110|27|32
22386,132|37|0|34|248|3|230|110|27|32
22428,132|37|0|34|248|3|230|110|27|32
22487,132|37|0|34|248|3|230|110|27|32
22536,132|37|0|34|248|3|230|110|27|32
22559,132|37|0|34|248|3|230|110|27|32
22564,132|37|0|34|248|3|230|110|27|32
22608,132|37|0|34|248|3|230|110|27|32
22687,132|37|0|34|248|3|230|110|27|32
22734,132|37|0|248|34|3|230|110|27|32
22801,132|37|0|34|248|3|230|110|27|32
22844,132|37|0|34|248|3|230|110|27|32
22872,132|37|34|0|248|3|230|110|27|32
22877,132|37|0|34|248|3|230|110|27|32
22882,132|37|0|248|34|3|230|110|27|32
22911,132|37|0|34|248|3|230|110|27|32
22930,132|37|0|34|248|3|230|110|27|32
23035,132|37|0|34|248|3|230|110|27|32
23038,132|37|0|34|248|3|230|27|32|245
23058,132|37|0|34|248|3|230|110|27|32
23067,132|37|0|34|248|3|230|110|27|32
23105,132|37|0|34|248|3|230|110|27|32
23162,132|37|0|34|248|3|230|110|27|32
23247,132|37|0|34|248|3|230|110|27|32
23277,132|37|0|34|248|3|230|110|27|32
23312,132|37|0|34|248|3|230|110|27|32
23318,132|37|0|34|248|3|230|110|27|32
23425,132|37|0|248|3|34|230|110|27|32
23486,132|37|0|34|248|3|230|110|27|32
23551,132|37|0|34|248|3|230|110|27|32
23646,132|37|0|34|248|3|230|110|27|32
23669,132|37|0|34|248|3|230|110|27|32
23691,132|37|0|34|248|3|230|110|27|32
23695,132|37|0|34|248|3|230|110|27|32
23734,132|37|0|34|248|3|230|110|27|32
23769,132|37|0|34|248|3|230|110|27|32
23803,132|37|0|34|248|3|230|110|27|32
24103,132|37|0|34|248|3|230|110|27|32
24147,132|37|0|34|248|3|230|110|27|32
24187,132|37|0|34|248|3|230|110|27|32
24210,132|37|0|34|248|3|230|110|27|32
24243,132|37|0|34|248|3|230|110|27|32
24300,132|37|0|34|248|3|230|110|27|32
24358,132|37|0|34|248|3|230|110|27|32
24405,132|37|0|34|248|3|230|110|27|32
24413,132|37|0|34|248|3|230|110|27|32
24428,132|37|0|34|248|3|230|110|27|32
24556,132|37|0|34|248|3|230|110|27|32
24610,132|37|0|34|248|3|230|110|27|32
24650,132|37|0|34|248|3|230|110|27|32
24751,132|37|0|34|248|3|230|110|27|32
24909,132|37|0|34|248|3|230|110|27|245
24976,132|37|0|34|248|3|230|110|27|32
25004,132|37|0|34|248|3|230|110|27|32
25122,132|37|0|34|248|3|230|110|27|32
25146,132|37|0|34|248|3|230|110|27|32
25155,132|37|0|34|248|3|230|110|27|32
25235,132|37|0|34|248|3|230|110|27|32
25294,132|37|0|34|248|3|230|110|27|32
25377,132|37|0|34|248|3|230|110|27|32
25426,132|37|0|34|248|3|230|110|27|32
25532,132|37|0|34|248|3|230|110|27|32
25644,132|37|0|34|248|3|230|110|27|32
25656,132|37|0|34|248|3|230|110|27|32
25739,132|37|0|34|248|3|230|110|27|32
25758,132|37|0|34|248|3|230|110|27|32
25800,132|37|0|34|248|3|230|110|27|32
26116,132|37|0|34|248|3|230|110|27|32
26123,132|37|0|34|248|3|230|110|27|32
26263,132|37|0|34|248|3|230|110|27|32
26306,132|37|0|34|248|3|230|110|27|32
26323,132|37|34|0|248|3|230|110|27|32
26396,132|37|0|34|248|3|230|110|27|32
26434,132|37|0|34|248|3|230|110|27|32
26545,132|37|0|34|248|3|230|110|27|32
26573,132|37|0|34|248|3|230|110|27|32
26590,132|37|0|34|248|3|230|110|27|32
26618,132|37|0|34|248|3|230|110|27|32
26646,132|37|0|34|248|3|230|110|27|32
26686,132|37|0|34|248|3|230|110|27|32
26760,132|37|0|34|248|3|230|110|245|32
26778,132|37|0|34|248|3|230|110|27|32
26978,132|37|0|34|248|3|230|110|27|32
27097,132|37|0|34|248|3|230|110|27|32
27107,132|37|0|34|248|3|230|110|27|32
27202,132|37|0|34|248|3|230|110|27|32
27237,132|37|0|34|248|3|230|110|245|27
27241,132|37|0|34|248|3|230|110|27|32
27325,132|37|0|34|248|3|230|110|27|32
27372,132|37|0|34|248|3|230|110|27|32
27386,132|37|0|34|248|3|230|110|27|32
27459,132|37|0|34|248|3|230|110|27|32
27506,132|37|0|34|248|3|230|110|27|32
27547,132|37|0|34|248|3|230|110|245|32
27551,132|37|0|34|248|3|230|110|27|32
27585,132|37|0|34|248|3|230|110|27|32
27601,132|37|0|34|248|3|230|110|27|32
27647,132|37|0|34|248|3|230|110|27|32
27677,132|37|0|34|248|3|230|110|27|32
27771,132|37|0|34|248|3|230|110|27|32
27773,132|37|0|34|248|3|230|110|27|32
27803,132|37|0|34|248|3|230|110|27|32
27872,132|37|0|34|248|3|230|110|27|32
27925,132|37|0|34|248|3|230|110|27|32
28015,132|37|0|34|248|3|230|110|27|32
28034,132|37|0|34|248|3|230|110|27|32
28042,132|37|0|34|248|3|230|110|27|32
28099,132|37|0|34|248|3|230|110|27|32
28168,132|37|0|34|248|3|230|110|27|32
28210,132|37|0|34|248|3|230|110|27|32
28253,132|37|0|34|248|3|230|110|27|32
28398,132|37|0|248|34|3|230|110|27|32
28462,132|37|0|34|248|3|230|110|27|32
28481,132|37|0|34|248|3|230|110|27|32
28577,132|37|0|34|248|3|230|110|27|32
